,N_index,NYSE:WPX,NYSE:RRC,NYSE:SWN,NYSE:NFX,NYSE:KMI,NYSE:PXD
5-Feb-18,0,-0.022378556262191963,-0.03377431711860415,-0.0506437328187548,-0.03179119996152548,-0.040226933508944185,-0.03948481874333557
2-Feb-18,1,-0.04198314584919129,-0.0276582404660043,-0.04111824692947269,-0.054483194653977766,-0.03149866705937093,-0.04330296940734695
1-Feb-18,2,0.02348313210527101,-0.022712118922945182,-0.004728141195946012,0.012555092728540955,0.00443951894536512,0.02024097677275852
31-Jan-18,3,-0.008786808815074184,-0.026317308317373417,-0.04834082693428243,-0.00031580609768241166,-0.013808559647097474,0.0013677273243014488
30-Jan-18,4,-0.039583003869662875,-0.030958057747724532,-0.06524052186840097,-0.05108803176909979,-0.025989551595426576,-0.02348211559105373
29-Jan-18,5,,,,,,
