,N_index,NI,ANF,ABBV,AHC,KMI,BCO
5-Feb-18,0,-0.018951925415866752,-0.03517826196870758,-0.05039342839314821,-0.010152371464017962,-0.040226933508944185,-0.017188882380511267
2-Feb-18,1,-0.011201112754820722,0.0009741841978434143,-0.010107640801799392,0.0,-0.03149866705937093,-0.015700805624566928
1-Feb-18,2,-0.017989037836073456,-0.009216655104924063,0.03605570815978963,0.010152371464017908,0.00443951894536512,0.0005993407431430052
31-Jan-18,3,0.009362983116306052,-0.02996657046611448,-0.03209394257832373,-0.020202707317519355,-0.013808559647097474,-0.0011983224921086443
30-Jan-18,4,0.00945147779593494,-0.024532588815069253,-0.054003632598122145,0.010050335853501506,-0.025989551595426576,-0.008941937375661282
29-Jan-18,5,,,,,,
