,N_index,NYSE:EGL,NYSE:BA,NYSE:TGI,NYSE:LMT,NYSE:NOC,NYSE:OA
5-Feb-18,0,-0.06566217414920406,-0.05912106669996768,-0.049564158016120984,-0.04702514868876317,-0.043759636522301505,-0.010214281960033713
2-Feb-18,1,-0.02458055312403078,-0.022753691138278676,-0.0673151270139056,-0.013295221470737674,-0.017862609863357477,-0.0010611689012171841
1-Feb-18,2,0.023050330943263152,0.007226135392833236,-0.052829184828157585,0.0071044764795232685,0.006818973143977335,0.0007578628631018006
31-Jan-18,3,-0.027150989065950745,0.048154026000213734,-0.005132603226520314,0.012648345128780778,0.0031471077019722626,-0.0003790032260640403
30-Jan-18,4,-0.016968315640854763,-0.009166939644424376,-0.01018684530699313,-0.0029352694875346545,0.003304812686239476,-0.0031024201040784883
29-Jan-18,5,,,,,,
