,N_index,NYSE:WPX,NYSE:RRC,NYSE:SWN,NYSE:NFX,NYSE:KMI,NYSE:PXD
5-Feb-18,10.0,-0.08924838269084931,-0.1414200425726516,-0.21007146974685692,-0.1251231397537445,-0.10708419286547405,-0.08466119964467629
