,N_index,NYSE:EGL,NYSE:BA,NYSE:TGI,NYSE:LMT,NYSE:NOC,NYSE:OA
5-Feb-18,10.0,-0.11131170103677718,-0.03566153608962376,-0.1850279183916976,-0.043502818038731454,-0.048351352853469906,-0.013999011328291625
